<?xml version="1.0"?>
<doc>
    <assembly>
        <name>Cuprum.Scaffolding.WebApi</name>
    </assembly>
    <members>
        <member name="T:Cuprum.Scaffolding.WebApi.Helper.AppSettingsHelper">
            <summary>
            Clase dedicada a contener los datos del appsettings.json
            </summary>
        </member>
        <member name="P:Cuprum.Scaffolding.WebApi.Helper.AppSettingsHelper.BaseUrlSecurityManager">
            <summary>
            Url base de SM
            </summary>
        </member>
        <member name="P:Cuprum.Scaffolding.WebApi.Helper.AppSettingsHelper.UriValidationSecurityManager">
            <summary>
            Recurso de validacion de SM
            </summary>
        </member>
        <member name="P:Cuprum.Scaffolding.WebApi.Helper.AppSettingsHelper.ParameterOne">
            <summary>
            Parametro de ejemplo
            </summary>
        </member>
        <member name="P:Cuprum.Scaffolding.WebApi.Helper.AppSettingsHelper.ParameterTwo">
            <summary>
            Parametro de ejemplo
            </summary>
        </member>
        <member name="T:Cuprum.Scaffolding.WebApi.Helper.DependencyResolver">
            <summary>
            Clase dedicada a contener los proveedores de servicio
            </summary>
        </member>
        <member name="P:Cuprum.Scaffolding.WebApi.Helper.DependencyResolver.ServiceProvider">
            <summary>
            Proveedor de servicios
            </summary>
        </member>
        <member name="T:Cuprum.Scaffolding.WebApi.V1.Controllers.ProductController">
            <summary>
            Api encargada del manejo de productos
            </summary>
        </member>
        <member name="M:Cuprum.Scaffolding.WebApi.V1.Controllers.ProductController.#ctor(Cuprum.Scaffolding.Domain.Contracts.IProduct)">
            <summary>
            Constructor
            </summary>
            <param name="product">Inyeccion de dependencia</param>
        </member>
        <member name="M:Cuprum.Scaffolding.WebApi.V1.Controllers.ProductController.GetProduct(System.Int32)">
            <summary>
            Obtiene un registro del historial de trazabilidad
            </summary>
            <param name="id">Identificador del producto</param>
            <returns>Objeto con información del producto</returns>
        </member>
        <member name="M:Cuprum.Scaffolding.WebApi.V1.Controllers.ProductController.GetListProduct(Cuprum.Scaffolding.Domain.DataTransferObject.Product.ProductFilterDto)">
            <summary>
            Obtiene una lista de registro de productos
            </summary>
            <param name="filter">Objeto que contiene propiedades que se utilizan para realizar el filtro</param>
            <returns>Lista de registros</returns>
        </member>
        <member name="M:Cuprum.Scaffolding.WebApi.V1.Controllers.ProductController.CreateProduct(Cuprum.Scaffolding.Domain.DataTransferObject.Product.ProductDto)">
            <summary>
            Crea un registro de producto
            </summary>
            <param name="dto">Objeto con información a guardar</param>
        </member>
        <member name="M:Cuprum.Scaffolding.WebApi.V1.Controllers.ProductController.UpdateProduct(Cuprum.Scaffolding.Domain.DataTransferObject.Product.ProductDto)">
            <summary>
            Actualiza un registro de producto
            </summary>
            <param name="dto">Objeto con información a guardar</param>
        </member>
        <member name="M:Cuprum.Scaffolding.WebApi.V1.Controllers.ProductController.DeleteProduct(System.Int32)">
            <summary>
            Elimina un registro del producto
            </summary>
            <param name="id">Identificador del producto a eliminar</param>
        </member>
        <member name="T:Cuprum.Scaffolding.WebApi.V2.Controllers.ProductController">
            <summary>
            Api encargada del manejo de productos
            </summary>
        </member>
        <member name="M:Cuprum.Scaffolding.WebApi.V2.Controllers.ProductController.#ctor(Cuprum.Scaffolding.Domain.Contracts.IProduct)">
            <summary>
            Constructor
            </summary>
            <param name="product">Inyeccion de dependencia</param>
        </member>
        <member name="M:Cuprum.Scaffolding.WebApi.V2.Controllers.ProductController.GetProduct(System.Int32)">
            <summary>
            Obtiene un registro del historial de trazabilidad
            </summary>
            <param name="id">Identificador del producto</param>
            <returns>Objeto con información del producto</returns>
        </member>
        <member name="M:Cuprum.Scaffolding.WebApi.V2.Controllers.ProductController.CreateProduct(Cuprum.Scaffolding.Domain.DataTransferObject.Product.ProductDto)">
            <summary>
            Crea un registro de producto
            </summary>
            <param name="dto">Objeto con información a guardar</param>
        </member>
        <member name="M:Cuprum.Scaffolding.WebApi.V2.Controllers.ProductController.UpdateProduct(Cuprum.Scaffolding.Domain.DataTransferObject.Product.ProductDto)">
            <summary>
            Actualiza un registro de producto
            </summary>
            <param name="dto">Objeto con información a guardar</param>
        </member>
        <member name="T:Cuprum.Scaffolding.WebApi.Program">
            <summary>
            Clase de configuración inicial
            </summary>
        </member>
        <member name="M:Cuprum.Scaffolding.WebApi.Program.Main(System.String[])">
            <summary>
            Metodo inicial
            </summary>
            <param name="args"></param>
        </member>
        <member name="T:Cuprum.Scaffolding.WebApi.Startup">
            <summary>
            Clase de configuración inicial de la aplicación
            </summary>
        </member>
        <member name="M:Cuprum.Scaffolding.WebApi.Startup.#ctor(Microsoft.Extensions.Configuration.IConfiguration)">
            <summary>
            Constructor
            </summary>
            <param name="configuration">Inyeccion de dependencia</param>
        </member>
        <member name="P:Cuprum.Scaffolding.WebApi.Startup.Configuration">
            <summary>
            Representa un conjunto de propiedades de configuración de la aplicación 
            </summary>
        </member>
        <member name="M:Cuprum.Scaffolding.WebApi.Startup.ConfigureServices(Microsoft.Extensions.DependencyInjection.IServiceCollection)">
            <summary>
            Metodo en donde se configura los servicios de la aplicación
            </summary>
            <param name="services"></param>
        </member>
        <member name="M:Cuprum.Scaffolding.WebApi.Startup.Configure(Microsoft.AspNetCore.Builder.IApplicationBuilder,Microsoft.AspNetCore.Hosting.IHostingEnvironment,Microsoft.Extensions.Logging.ILoggerFactory,Microsoft.AspNetCore.Mvc.ApiExplorer.IApiVersionDescriptionProvider)">
            <summary>
            Metodo de configuracion de la aplicacion
            </summary>
            <param name="app"></param>
            <param name="env"></param>
            <param name="loggerFactory"></param>
            <param name="provider"></param>
        </member>
        <member name="M:Cuprum.Scaffolding.WebApi.Startup.DependencyInjection(Microsoft.Extensions.DependencyInjection.IServiceCollection)">
            <summary>
            Metodo el cual se indican las implementaciones a los contratos
            </summary>
            <param name="services"></param>
        </member>
        <member name="M:Cuprum.Scaffolding.WebApi.Startup.ConfigurationApp(Microsoft.Extensions.DependencyInjection.IServiceCollection)">
            <summary>
            Metodo que obtiene los datos del archivo appsettings.json para configurar la aplicacion
            </summary>
            <param name="services"></param>
        </member>
        <member name="M:Cuprum.Scaffolding.WebApi.Startup.AddSwaggerExplorer(Microsoft.Extensions.DependencyInjection.IServiceCollection)">
            <summary>
            Metodo que agrega los servicios de swagger para utilizarlo en el proyecto
            </summary>
            <param name="services"></param>
        </member>
        <member name="M:Cuprum.Scaffolding.WebApi.Startup.CreateInfoForApiVersion(Microsoft.AspNetCore.Mvc.ApiExplorer.ApiVersionDescription)">
            <summary>
            Metodo que obtiene informacion de la api
            </summary>
            <param name="description">Objeto que contiene datos de la version de la api</param>
            <returns></returns>
        </member>
        <member name="M:Cuprum.Scaffolding.WebApi.SwaggerDefaultValues.Apply(Swashbuckle.AspNetCore.Swagger.Operation,Swashbuckle.AspNetCore.SwaggerGen.OperationFilterContext)">
            <summary>
            Applies the filter to the specified operation using the given context.
            </summary>
            <param name="operation">The operation to apply the filter to.</param>
            <param name="context">The current operation filter context.</param>
        </member>
    </members>
</doc>
